experiment,epoch,loss,Bleu_1,Bleu_2,Bleu_3,Bleu_4,METEOR,ROUGE_L,CIDEr
baselinelstmtest,7,52.83883716634114,2020-04-11 14:39:34.931802,0.5183331519964619,0.33401208968446644,0.21470982650951181,0.1343866975494108,0.17723152565293912,0.3749015337951159,0.41564190169961557
